ad_archive_id,page_id,page_name,ad_creation_time,ad_delivery_start_time,ad_delivery_stop_time,byline,ad_creative_bodies,ad_creative_link_titles,ad_creative_link_captions,ad_creative_link_descriptions,impressions,spend,currency,demographic_distribution,delivery_by_region,publisher_platforms,estimated_audience_size,languages
321545875633742,109240123933010,"Kristian Fenix",2020-08-14,2020-08-14,2020-08-15,"Kristian Hans Meyer","The Kristian Fenix Radio Show, Friday, August 14th (with special guest co-host, @[100000805925978:2048:Grady Holdridge]) :
~ Man Shoots Himself In The Balls For The 'Gram'
~ Entertainment News
~ Good News Everyone
~ Embarrassing Parents
~ Call-In Topic: Bands You Hated At First
~ Are You Ready For Some Football?
~ This Day In History
~ And Much More!

📲 Download the Podcast: Bit.ly/KFRSpodcast
🎙 Listen LIVE: Bit.ly/KFRSlive
☎️ Fenix Line: 855-FENIX-RDO (855.336.4973)

The Home of Quality Conversation on America Matters Media!

Join the conversation and chat with us LIVE: (844) 790-8255

License to use music contained in this program was issued by ASCAP (License #: 40000772) and BMI (License#: 60993608) for use by America Matters Media, Reno, NV.","The Kristian Fenix Radio Show - 08/14/20",,,"lower_bound: 0, upper_bound: 999","lower_bound: 0, upper_bound: 99",USD,"{""age"":""45-54"",""gender"":""unknown"",""percentage"":0.004494},{""age"":""35-44"",""gender"":""unknown"",""percentage"":0.008989},{""age"":""35-44"",""gender"":""female"",""percentage"":0.083146},{""age"":""45-54"",""gender"":""female"",""percentage"":0.051685},{""age"":""45-54"",""gender"":""male"",""percentage"":0.094382},{""age"":""18-24"",""gender"":""female"",""percentage"":0.114607},{""age"":""25-34"",""gender"":""male"",""percentage"":0.231461},{""age"":""35-44"",""gender"":""male"",""percentage"":0.157303},{""age"":""18-24"",""gender"":""male"",""percentage"":0.103371},{""age"":""25-34"",""gender"":""female"",""percentage"":0.150562}","{""region"":""Alaska"",""percentage"":0.008989},{""region"":""Ohio"",""percentage"":0.047191},{""region"":""Michigan"",""percentage"":0.044944},{""region"":""Minnesota"",""percentage"":0.017978},{""region"":""Mississippi"",""percentage"":0.058427},{""region"":""Missouri"",""percentage"":0.013483},{""region"":""Nebraska"",""percentage"":0.006742},{""region"":""New Mexico"",""percentage"":0.008989},{""region"":""New York"",""percentage"":0.033708},{""region"":""North Carolina"",""percentage"":0.053933},{""region"":""Oklahoma"",""percentage"":0.017978},{""region"":""Louisiana"",""percentage"":0.040449},{""region"":""Oregon"",""percentage"":0.002247},{""region"":""Pennsylvania"",""percentage"":0.017978},{""region"":""South Carolina"",""percentage"":0.035955},{""region"":""South Dakota"",""percentage"":0.006742},{""region"":""Tennessee"",""percentage"":0.026966},{""region"":""Texas"",""percentage"":0.058427},{""region"":""Virginia"",""percentage"":0.040449},{""region"":""Washington"",""percentage"":0.004494},{""region"":""West Virginia"",""percentage"":0.024719},{""region"":""Maine"",""percentage"":0.011236},{""region"":""Kentucky"",""percentage"":0.029213},{""region"":""Hawaii"",""percentage"":0.002247},{""region"":""Alabama"",""percentage"":0.060674},{""region"":""Kansas"",""percentage"":0.004494},{""region"":""Maryland"",""percentage"":0.006742},{""region"":""Massachusetts"",""percentage"":0.013483},{""region"":""Montana"",""percentage"":0.002247},{""region"":""Nevada"",""percentage"":0.004494},{""region"":""New Jersey"",""percentage"":0.013483},{""region"":""North Dakota"",""percentage"":0.004494},{""region"":""Utah"",""percentage"":0.002247},{""region"":""Vermont"",""percentage"":0.004494},{""region"":""Arizona"",""percentage"":0.006742},{""region"":""Iowa"",""percentage"":0.029213},{""region"":""Arkansas"",""percentage"":0.008989},{""region"":""California"",""percentage"":0.026966},{""region"":""Colorado"",""percentage"":0.013483},{""region"":""Delaware"",""percentage"":0.006742},{""region"":""Florida"",""percentage"":0.022472},{""region"":""Georgia"",""percentage"":0.040449},{""region"":""Idaho"",""percentage"":0.006742},{""region"":""Illinois"",""percentage"":0.042697},{""region"":""Indiana"",""percentage"":0.051685},{""region"":""Wisconsin"",""percentage"":0.013483}",facebook,"lower_bound: 1000001",en
